code,name,company,sector
1332,ニッスイ,（株）ニッスイ,水産
1605,ＩＮＰＥＸ,（株）ＩＮＰＥＸ,鉱業
1662,石油資源,石油資源開発（株）,鉱業
1414,ショーボンド,ショーボンドホールディングス（株）,建設
1719,安藤ハザマ,（株）安藤・間,建設
1721,コムシスＨＤ,コムシスホールディングス（株）,建設
1801,大成建,大成建設（株）,建設
1802,大林組,（株）大林組,建設
1803,清水建,清水建設（株）,建設
1808,長谷工,（株）長谷工コーポレーション,建設
1812,鹿島,鹿島建設（株）,建設
1885,東亜建,東亜建設工業（株）,建設
1893,五洋建,五洋建設（株）,建設
1911,住友林,住友林業（株）,建設
1925,ハウス,大和ハウス工業（株）,建設
1928,積ハウス,積水ハウス（株）,建設
1942,関電工,（株）関電工,建設
1944,きんでん,（株）きんでん,建設
1951,エクシオＧ,エクシオグループ（株）,建設
1959,クラフティア,（株）クラフティア,建設
1961,三機工,三機工業（株）,建設
1969,高砂熱,高砂熱学工業（株）,建設
1980,ダイダン,ダイダン（株）,建設
5076,インフロニア,インフロニア・ホールディングス（株）,建設
2201,森永,森永製菓（株）,食品
2212,山パン,山崎製パン（株）,食品
2222,寿スピリッツ,寿スピリッツ（株）,食品
2229,カルビー,カルビー（株）,食品
2264,森永乳,森永乳業（株）,食品
2267,ヤクルト,（株）ヤクルト本社,食品
2269,明治ＨＤ,明治ホールディングス（株）,食品
2503,キリンＨＤ,キリンホールディングス（株）,食品
2587,サントリＢＦ,サントリービバレッジ＆フード（株）,食品
2801,キッコマン,キッコーマン（株）,食品
2802,味の素,味の素（株）,食品
2811,カゴメ,カゴメ（株）,食品
2871,ニチレイ,（株）ニチレイ,食品
2875,東洋水,東洋水産（株）,食品
2897,日清食ＨＤ,日清食品ホールディングス（株）,食品
2914,ＪＴ,日本たばこ産業（株）,食品
3402,東レ,東レ（株）,繊維
4004,レゾナック,（株）レゾナック・ホールディングス,化学
4021,日産化,日産化学（株）,化学
4042,東ソー,東ソー（株）,化学
4063,信越化,信越化学工業（株）,化学
4091,日本酸素ＨＤ,日本酸素ホールディングス（株）,化学
4183,三井化学,三井化学（株）,化学
4186,東応化,東京応化工業（株）,化学
4202,ダイセル,（株）ダイセル,化学
4203,住友ベ,住友ベークライト（株）,化学
4204,積水化,積水化学工業（株）,化学
4206,アイカ,アイカ工業（株）,化学
4401,ＡＤＥＫＡ,（株）ＡＤＥＫＡ,化学
4403,日油,日油（株）,化学
4452,花王,花王（株）,化学
4612,日本ペＨＤ,日本ペイントホールディングス（株）,化学
4613,関西ペ,関西ペイント（株）,化学
4626,太陽ＨＤ,太陽ホールディングス（株）,化学
4901,富士フイルム,富士フイルムホールディングス（株）,化学
4966,上村工,上村工業（株）,化学
4980,デクセリ,デクセリアルズ（株）,化学
6988,日東電,日東電工（株）,化学
8113,ユニチャーム,ユニ・チャーム（株）,化学
4151,協和キリン,協和キリン（株）,医薬品
4503,アステラス,アステラス製薬（株）,医薬品
4507,塩野義,塩野義製薬（株）,医薬品
4516,日本新薬,日本新薬（株）,医薬品
4519,中外薬,中外製薬（株）,医薬品
4523,エーザイ,エーザイ（株）,医薬品
4527,ロート,ロート製薬（株）,医薬品
4528,小野薬,小野薬品工業（株）,医薬品
4536,参天薬,参天製薬（株）,医薬品
4568,第一三共,第一三共（株）,医薬品
4578,大塚ＨＤ,大塚ホールディングス（株）,医薬品
5019,出光興産,出光興産（株）,石油
5020,ＥＮＥＯＳ,ＥＮＥＯＳホールディングス（株）,石油
5021,コスモＨＤ,コスモエネルギーホールディングス（株）,石油
5101,浜ゴム,横浜ゴム（株）,ゴム
5105,ＴＯＹＯ,ＴＯＹＯ　ＴＩＲＥ（株）,ゴム
5108,ブリヂストン,（株）ブリヂストン,ゴム
3110,日東紡,日東紡績（株）,窯業
5332,ＴＯＴＯ,ＴＯＴＯ（株）,窯業
5333,ＮＧＫ,ＮＧＫ（株）,窯業
5334,特殊陶,日本特殊陶業（株）,窯業
5344,ＭＡＲＵＷＡ,（株）ＭＡＲＵＷＡ,窯業
5393,ニチアス,ニチアス（株）,窯業
5401,日本製鉄,日本製鉄（株）,鉄鋼
5406,神戸鋼,（株）神戸製鋼所,鉄鋼
5411,ＪＦＥ,ＪＦＥホールディングス（株）,鉄鋼
5471,大同特鋼,大同特殊鋼（株）,鉄鋼
5706,三井金属,三井金属（株）,非鉄・金属
5713,住友鉱,住友金属鉱山（株）,非鉄・金属
5714,ＤＯＷＡ,ＤＯＷＡホールディングス（株）,非鉄・金属
5741,ＵＡＣＪ,（株）ＵＡＣＪ,非鉄・金属
5801,古河電,古河電気工業（株）,非鉄・金属
5802,住友電,住友電気工業（株）,非鉄・金属
5803,フジクラ,（株）フジクラ,非鉄・金属
5805,ＳＷＣＣ,ＳＷＣＣ（株）,非鉄・金属
5857,ＡＲＥＨＤ,ＡＲＥホールディングス（株）,非鉄・金属
5929,三和ＨＤ,三和ホールディングス（株）,非鉄・金属
5947,リンナイ,リンナイ（株）,非鉄・金属
5991,ニッパツ,日本発條（株）,非鉄・金属
6005,三浦工,三浦工業（株）,機械
6101,ツガミ,（株）ツガミ,機械
6113,アマダ,（株）アマダ,機械
6141,ＤＭＧ森精機,ＤＭＧ森精機（株）,機械
6254,野村マイクロ,野村マイクロ・サイエンス（株）,機械
6269,三井海洋,三井海洋開発（株）,機械
6273,ＳＭＣ,ＳＭＣ（株）,機械
6301,コマツ,（株）小松製作所,機械
6305,日立建機,日立建機（株）,機械
6323,ローツェ,ローツェ（株）,機械
6326,クボタ,（株）クボタ,機械
6361,荏原,（株）荏原製作所,機械
6367,ダイキン,ダイキン工業（株）,機械
6368,オルガノ,オルガノ（株）,機械
6383,ダイフク,（株）ダイフク,機械
6417,ＳＡＮＫＹＯ,（株）三共,機械
6432,竹内製作所,（株）竹内製作所,機械
6436,アマノ,アマノ（株）,機械
6457,グローリー,グローリー（株）,機械
6460,セガサミー,セガサミーホールディングス（株）,機械
6465,ホシザキ,ホシザキ（株）,機械
7003,三井Ｅ＆Ｓ,（株）三井Ｅ＆Ｓ,機械
7011,三菱重,三菱重工業（株）,機械
7013,ＩＨＩ,（株）ＩＨＩ,機械
4062,イビデン,イビデン（株）,電気機器
6448,ブラザー,ブラザー工業（株）,電気機器
6479,ミネベア,ミネベアミツミ（株）,電気機器
6501,日立,（株）日立製作所,電気機器
6503,三菱電,三菱電機（株）,電気機器
6504,富士電機,富士電機（株）,電気機器
6506,安川電,（株）安川電機,電気機器
6507,シンフォニア,シンフォニア　テクノロジー（株）,電気機器
6508,明電舎,（株）明電舎,電気機器
6526,ソシオネクス,（株）ソシオネクスト,電気機器
6586,マキタ,（株）マキタ,電気機器
6590,芝浦,芝浦メカトロニクス（株）,電気機器
6632,ＪＶＣケンウ,（株）ＪＶＣケンウッド,電気機器
6674,ＧＳユアサ,（株）ジーエス・ユアサ　コーポレーション,電気機器
6701,ＮＥＣ,日本電気（株）,電気機器
6702,富士通,富士通（株）,電気機器
6703,ＯＫＩ,沖電気工業（株）,電気機器
6723,ルネサス,ルネサスエレクトロニクス（株）,電気機器
6724,エプソン,セイコーエプソン（株）,電気機器
6728,アルバック,（株）アルバック,電気機器
6752,パナＨＤ,パナソニック　ホールディングス（株）,電気機器
6758,ソニーＧ,ソニーグループ（株）,電気機器
6762,ＴＤＫ,ＴＤＫ（株）,電気機器
6787,メイコー,（株）メイコー,電気機器
6806,ヒロセ電,ヒロセ電機（株）,電気機器
6841,横河電,横河電機（株）,電気機器
6845,アズビル,アズビル（株）,電気機器
6856,堀場製,（株）堀場製作所,電気機器
6857,アドテスト,（株）アドバンテスト,電気機器
6861,キーエンス,（株）キーエンス,電気機器
6869,シスメックス,シスメックス（株）,電気機器
6871,日本マイクロ,（株）日本マイクロニクス,電気機器
6902,デンソー,（株）デンソー,電気機器
6920,レーザーテク,レーザーテック（株）,電気機器
6951,日電子,日本電子（株）,電気機器
6954,ファナック,ファナック（株）,電気機器
6960,フクダ電,フクダ電子（株）,電気機器
6965,ホトニクス,浜松ホトニクス（株）,電気機器
6981,村田製,（株）村田製作所,電気機器
7735,スクリン,（株）ＳＣＲＥＥＮホールディングス,電気機器
7751,キヤノン,キヤノン（株）,電気機器
8035,東エレク,東京エレクトロン（株）,電気機器
7012,川重,川崎重工業（株）,造船
7014,名村造,（株）名村造船所,造船
3116,トヨタ紡織,トヨタ紡織（株）,自動車
7202,いすゞ,いすゞ自動車（株）,自動車
7203,トヨタ,トヨタ自動車（株）,自動車
7211,三菱自,三菱自動車工業（株）,自動車
7259,アイシン,（株）アイシン,自動車
7261,マツダ,マツダ（株）,自動車
7267,ホンダ,本田技研工業（株）,自動車
7269,スズキ,スズキ（株）,自動車
7270,ＳＵＢＡＲＵ,（株）ＳＵＢＡＲＵ,自動車
7272,ヤマハ発,ヤマハ発動機（株）,自動車
7282,豊田合,豊田合成（株）,自動車
7309,シマノ,（株）シマノ,輸送用機器
4543,テルモ,テルモ（株）,精密機器
6146,ディスコ,（株）ディスコ,精密機器
7701,島津,（株）島津製作所,精密機器
7729,東京精,（株）東京精密,精密機器
7733,オリンパス,オリンパス（株）,精密機器
7740,タムロン,（株）タムロン,精密機器
7741,ＨＯＹＡ,ＨＯＹＡ（株）,精密機器
7747,朝日インテク,朝日インテック（株）,精密機器
7762,シチズン,シチズン時計（株）,精密機器
8050,セイコーＧ,セイコーグループ（株）,精密機器
1518,三井松島ＨＤ,三井松島ホールディングス（株）,その他製造
7832,バンナムＨＤ,（株）バンダイナムコホールディングス,その他製造
7867,タカラトミー,（株）タカラトミー,その他製造
7906,ヨネックス,ヨネックス（株）,その他製造
7912,大日印,大日本印刷（株）,その他製造
7936,アシックス,（株）アシックス,その他製造
7988,ニフコ,（株）ニフコ,その他製造
7994,オカムラ,（株）オカムラ,その他製造
2767,円谷フィＨＤ,円谷フィールズホールディングス（株）,商社
2768,双日,双日（株）,商社
3038,神戸物産,（株）神戸物産,商社
3107,ダイワボＨＤ,ダイワボウホールディングス（株）,商社
3132,マクニカＨＤ,マクニカホールディングス（株）,商社
7599,ＩＤＯＭ,（株）ＩＤＯＭ,商社
8001,伊藤忠,伊藤忠商事（株）,商社
8002,丸紅,丸紅（株）,商社
8015,豊田通商,豊田通商（株）,商社
8020,兼松,兼松（株）,商社
8031,三井物,三井物産（株）,商社
8053,住友商,住友商事（株）,商社
8058,三菱商,三菱商事（株）,商社
8060,キヤノンＭＪ,キヤノンマーケティングジャパン（株）,商社
8078,阪和興,阪和興業（株）,商社
8088,岩谷産,岩谷産業（株）,商社
8098,稲畑産,稲畑産業（株）,商社
8111,ゴルドウイン,（株）ゴールドウイン,商社
8130,サンゲツ,（株）サンゲツ,商社
8133,エネクス,伊藤忠エネクス（株）,商社
8136,サンリオ,（株）サンリオ,商社
8154,加賀電子,加賀電子（株）,商社
9934,因幡電産,因幡電機産業（株）,商社
9962,ミスミＧ,（株）ミスミグループ本社,商社
2670,ＡＢＣマート,（株）エービーシー・マート,小売業
2678,アスクル,アスクル（株）,小売業
2685,アンドＳＴ,（株）アンドエスティＨＤ,小売業
2726,パルＨＤ,（株）パルグループホールディングス,小売業
3064,モノタロウ,（株）ＭｏｎｏｔａＲＯ,小売業
3086,Ｊフロント,Ｊ．フロント　リテイリング（株）,小売業
3088,マツキヨココ,（株）マツキヨココカラ＆カンパニー,小売業
3092,ＺＯＺＯ,（株）ＺＯＺＯ,小売業
3099,三越伊勢丹,（株）三越伊勢丹ホールディングス,小売業
3148,クリエイトＳ,（株）クリエイトＳＤホールディングス,小売業
3186,ネクステージ,（株）ネクステージ,小売業
3349,コスモス薬品,（株）コスモス薬品,小売業
3382,セブン＆アイ,（株）セブン＆アイ・ホールディングス,小売業
3391,ツルハＨＤ,（株）ツルハホールディングス,小売業
3549,クスリアオキ,（株）クスリのアオキホールディングス,小売業
417A,ブルーゾーン,（株）ブルーゾーンホールディングス,小売業
7419,ノジマ,（株）ノジマ,小売業
7453,良品計画,（株）良品計画,小売業
7532,パンパシＨＤ,（株）パン・パシフィック・インターナショナルホールディングス,小売業
7564,ワークマン,（株）ワークマン,小売業
7649,スギＨＤ,スギホールディングス（株）,小売業
8174,日ガス,日本瓦斯（株）,小売業
8194,ライフコーポ,（株）ライフコーポレーション,小売業
8227,しまむら,（株）しまむら,小売業
8242,Ｈ２Ｏリテイ,エイチ・ツー・オー　リテイリング（株）,小売業
8252,丸井Ｇ,（株）丸井グループ,小売業
9843,ニトリＨＤ,（株）ニトリホールディングス,小売業
9983,ファストリ,（株）ファーストリテイリング,小売業
9989,サンドラッグ,（株）サンドラッグ,小売業
5838,楽天銀,楽天銀行（株）,銀行
7167,めぶきＦＧ,（株）めぶきフィナンシャルグループ,銀行
7173,東京きらぼし,（株）東京きらぼしフィナンシャルグループ,銀行
7186,横浜ＦＧ,（株）横浜フィナンシャルグループ,銀行
8306,三菱ＵＦＪ,（株）三菱ＵＦＪフィナンシャル・グループ,銀行
8308,りそなＨＤ,（株）りそなホールディングス,銀行
8309,三井住友トラ,三井住友トラストグループ（株）,銀行
8316,三井住友ＦＧ,（株）三井住友フィナンシャルグループ,銀行
8331,千葉銀,（株）千葉銀行,銀行
8334,群馬銀,（株）群馬銀行,銀行
8354,ふくおかＦＧ,（株）ふくおかフィナンシャルグループ,銀行
8411,みずほＦＧ,（株）みずほフィナンシャルグループ,銀行
547A,ムニノバＨＤ,ムニノバホールディングス（株）,その他金融
7148,ＦＰＧ,（株）ＦＰＧ,その他金融
7164,全国保証,全国保証（株）,その他金融
8253,クレセゾン,（株）クレディセゾン,その他金融
8424,芙蓉リース,芙蓉総合リース（株）,その他金融
8425,みずほリース,みずほリース（株）,その他金融
8439,東京センチュ,東京センチュリー（株）,その他金融
8473,ＳＢＩ,ＳＢＩホールディングス（株）,その他金融
8572,アコム,アコム（株）,その他金融
8591,オリックス,オリックス（株）,その他金融
8593,三菱ＨＣキャ,三菱ＨＣキャピタル（株）,その他金融
8697,日本取引所,（株）日本取引所グループ,その他金融
8601,大和,（株）大和証券グループ本社,証券
8604,野村,野村ホールディングス（株）,証券
8628,松井,松井証券（株）,証券
8630,ＳＯＭＰＯ,ＳＯＭＰＯホールディングス（株）,保険
8725,ＭＳ＆ＡＤ,ＭＳ＆ＡＤインシュアランスグループホールディングス（株）,保険
8750,第一ライフ,（株）第一ライフグループ,保険
8766,東京海上,東京海上ホールディングス（株）,保険
8795,Ｔ＆Ｄ,（株）Ｔ＆Ｄホールディングス,保険
1878,大東建,大東建託（株）,不動産
3003,ヒューリック,ヒューリック（株）,不動産
3231,野村不ＨＤ,野村不動産ホールディングス（株）,不動産
3288,オープンＨ,（株）オープンハウスグループ,不動産
3289,東急不ＨＤ,東急不動産ホールディングス（株）,不動産
3291,飯田ＧＨＤ,飯田グループホールディングス（株）,不動産
3465,ケイアイ不,ケイアイスター不動産（株）,不動産
4666,パーク２４,パーク二四（株）,不動産
8801,三井不,三井不動産（株）,不動産
8802,菱地所,三菱地所（株）,不動産
8804,東建物,東京建物（株）,不動産
8830,住友不,住友不動産（株）,不動産
8848,レオパレス,（株）レオパレス２１,不動産
8850,スターツ,スターツコーポレーション（株）,不動産
8919,カチタス,（株）カチタス,不動産
8923,トーセイ,トーセイ（株）,不動産
8934,サンフロ不,サンフロンティア不動産（株）,不動産
9706,日本空港ビル,日本空港ビルデング（株）,不動産
9001,東武,東武鉄道（株）,鉄道・バス
9003,相鉄ＨＤ,相鉄ホールディングス（株）,鉄道・バス
9005,東急,東急（株）,鉄道・バス
9006,京急,京浜急行電鉄（株）,鉄道・バス
9007,小田急,小田急電鉄（株）,鉄道・バス
9008,京王,京王電鉄（株）,鉄道・バス
9009,京成,京成電鉄（株）,鉄道・バス
9021,ＪＲ西日本,西日本旅客鉄道（株）,鉄道・バス
9022,ＪＲ東海,東海旅客鉄道（株）,鉄道・バス
9024,西武ＨＤ,（株）西武ホールディングス,鉄道・バス
9031,西鉄,西日本鉄道（株）,鉄道・バス
9041,近鉄ＧＨＤ,近鉄グループホールディングス（株）,鉄道・バス
9045,京阪ＨＤ,京阪ホールディングス（株）,鉄道・バス
9142,ＪＲ九州,九州旅客鉄道（株）,鉄道・バス
2384,ＳＢＳＨＤ,ＳＢＳホールディングス（株）,陸運
9065,山九,山九（株）,陸運
9069,センコーＨＤ,センコーグループホールディングス（株）,陸運
9143,ＳＧＨＤ,ＳＧホールディングス（株）,陸運
9101,郵船,日本郵船（株）,海運
9104,商船三井,（株）商船三井,海運
9107,川崎汽,川崎汽船（株）,海運
9110,ユナイテド海,ＮＳユナイテッド海運（株）,海運
9201,ＪＡＬ,日本航空（株）,空運
9202,ＡＮＡＨＤ,ＡＮＡホールディングス（株）,空運
9432,ＮＴＴ,ＮＴＴ（株）,通信
9434,ＳＢ,ソフトバンク（株）,通信
9435,光通信,（株）光通信,通信
9449,ＧＭＯ,ＧＭＯインターネットグループ（株）,通信
9984,ＳＢＧ,ソフトバンクグループ（株）,通信
9502,中部電,中部電力（株）,電力
9503,関西電,関西電力（株）,電力
9504,中国電,中国電力（株）,電力
9505,北陸電,北陸電力（株）,電力
9506,東北電,東北電力（株）,電力
9507,四国電,四国電力（株）,電力
9508,九州電,九州電力（株）,電力
9509,北海電,北海道電力（株）,電力
9513,Ｊパワー,電源開発（株）,電力
9531,東ガス,東京瓦斯（株）,ガス
9532,大ガス,大阪瓦斯（株）,ガス
2124,ジェイエイシ,（株）ジェイエイシーリクルートメント,サービス
2127,日本Ｍ＆Ａ,（株）日本Ｍ＆Ａセンターホールディングス,サービス
2154,オープンＵＰ,（株）オープンアップグループ,サービス
2181,パーソルＨＤ,パーソルホールディングス（株）,サービス
2317,システナ,（株）システナ,サービス
2327,ＮＳＳＯＬ,日鉄ソリューションズ（株）,サービス
2331,ＡＬＳＯＫ,ＡＬＳＯＫ（株）,サービス
2371,カカクコム,（株）カカクコム,サービス
2379,ディップ,ディップ（株）,サービス
2413,エムスリー,エムスリー（株）,サービス
2702,マクドナルド,日本マクドナルドホールディングス（株）,サービス
3563,Ｆ＆ＬＣ,（株）ＦＯＯＤ　＆　ＬＩＦＥ　ＣＯＭＰＡＮＩＥＳ,サービス
3626,ＴＩＳＩ,ＴＩＳＩ（株）,サービス
3635,コーテクＨＤ,（株）コーエーテクモホールディングス,サービス
3659,ネクソン,（株）ネクソン,サービス
3697,ＳＨＩＦＴ,（株）ＳＨＩＦＴ,サービス
3769,ＧＭＯ−ＰＧ,ＧＭＯペイメントゲートウェイ（株）,サービス
3774,ＩＩＪ,（株）インターネットイニシアティブ,サービス
3923,ラクス,（株）ラクス,サービス
4194,ビジョナル,ビジョナル（株）,サービス
4307,野村総研,（株）野村総合研究所,サービス
4373,シンプレクス,シンプレクス・ホールディングス（株）,サービス
4385,メルカリ,（株）メルカリ,サービス
4661,ＯＬＣ,（株）オリエンタルランド,サービス
4680,ラウンドワン,（株）ラウンドワン,サービス
4681,リゾートトラ,リゾートトラスト（株）,サービス
4684,オービック,（株）オービック,サービス
4686,ジャスト,（株）ジャストシステム,サービス
4689,ラインヤフー,ＬＩＮＥヤフー（株）,サービス
4704,トレンド,トレンドマイクロ（株）,サービス
4716,日本オラクル,日本オラクル（株）,サービス
4722,フューチャー,フューチャー（株）,サービス
4732,ＵＳＳ,（株）ユー・エス・エス,サービス
4733,ＯＢＣ,（株）オービックビジネスコンサルタント,サービス
4751,サイバー,（株）サイバーエージェント,サービス
4768,大塚商会,（株）大塚商会,サービス
4812,電通総研,（株）電通総研,サービス
4816,東映アニメ,東映アニメーション（株）,サービス
5032,エニーカラー,ＡＮＹＣＯＬＯＲ（株）,サービス
6098,リクルート,（株）リクルートホールディングス,サービス
6532,ベイカレント,（株）ベイカレント,サービス
6544,Ｊエレベータ,ジャパンエレベーターサービスホールディングス（株）,サービス
7550,ゼンショＨＤ,（株）ゼンショーホールディングス,サービス
7974,任天堂,任天堂（株）,サービス
8056,ビプロジー,ＢＩＰＲＯＧＹ（株）,サービス
8876,リログループ,（株）リログループ,サービス
9336,大栄環境,大栄環境（株）,サービス
9418,ＵＮＥＸＴ,（株）Ｕ−ＮＥＸＴ　ＨＯＬＤＩＮＧＳ,サービス
9602,東宝,東宝（株）,サービス
9616,共立メンテ,（株）共立メンテナンス,サービス
9682,ＤＴＳ,（株）ＤＴＳ,サービス
9684,スクエニＨＤ,（株）スクウェア・エニックス・ホールディングス,サービス
9697,カプコン,（株）カプコン,サービス
9735,セコム,セコム（株）,サービス
9744,メイテックＧ,（株）メイテックグループホールディングス,サービス
9759,ＮＳＤ,（株）ＮＳＤ,サービス
9766,コナミＧ,コナミグループ（株）,サービス
